{
	"BUILD_DIR" : "O:/QZskillbox_study/Remote_controller_module_37_3/build-Module_37_3-Desktop_Qt_5_12_12_MinGW_64_bit-Debug/Module_37_3_autogen",
	"CMAKE_BINARY_DIR" : "O:/QZskillbox_study/Remote_controller_module_37_3/build-Module_37_3-Desktop_Qt_5_12_12_MinGW_64_bit-Debug",
	"CMAKE_CURRENT_BINARY_DIR" : "O:/QZskillbox_study/Remote_controller_module_37_3/build-Module_37_3-Desktop_Qt_5_12_12_MinGW_64_bit-Debug",
	"CMAKE_CURRENT_SOURCE_DIR" : "O:/QZskillbox_study/Remote_controller_module_37_3/Module_37_3",
	"CMAKE_EXECUTABLE" : "C:/Qt/Qt5.12.12/Tools/cmake-3.27.4-windows-x86_64/bin/cmake.exe",
	"CMAKE_LIST_FILES" : 
	[
		"O:/QZskillbox_study/Remote_controller_module_37_3/Module_37_3/CMakeLists.txt",
		"C:/Qt/Qt5.12.12/Tools/QtCreator/share/qtcreator/package-manager/auto-setup.cmake",
		"O:/QZskillbox_study/Remote_controller_module_37_3/build-Module_37_3-Desktop_Qt_5_12_12_MinGW_64_bit-Debug/CMakeFiles/3.27.4/CMakeSystem.cmake",
		"C:/Qt/Qt5.12.12/Tools/cmake-3.27.4-windows-x86_64/share/cmake-3.27/Modules/CMakeSystemSpecificInitialize.cmake",
		"C:/Qt/Qt5.12.12/Tools/cmake-3.27.4-windows-x86_64/share/cmake-3.27/Modules/Platform/Windows-Initialize.cmake",
		"O:/QZskillbox_study/Remote_controller_module_37_3/build-Module_37_3-Desktop_Qt_5_12_12_MinGW_64_bit-Debug/CMakeFiles/3.27.4/CMakeCXXCompiler.cmake",
		"C:/Qt/Qt5.12.12/Tools/cmake-3.27.4-windows-x86_64/share/cmake-3.27/Modules/CMakeSystemSpecificInformation.cmake",
		"C:/Qt/Qt5.12.12/Tools/cmake-3.27.4-windows-x86_64/share/cmake-3.27/Modules/CMakeGenericSystem.cmake",
		"C:/Qt/Qt5.12.12/Tools/cmake-3.27.4-windows-x86_64/share/cmake-3.27/Modules/CMakeInitializeConfigs.cmake",
		"C:/Qt/Qt5.12.12/Tools/cmake-3.27.4-windows-x86_64/share/cmake-3.27/Modules/Platform/Windows.cmake",
		"C:/Qt/Qt5.12.12/Tools/cmake-3.27.4-windows-x86_64/share/cmake-3.27/Modules/Platform/WindowsPaths.cmake",
		"C:/Qt/Qt5.12.12/Tools/cmake-3.27.4-windows-x86_64/share/cmake-3.27/Modules/CMakeCXXInformation.cmake",
		"C:/Qt/Qt5.12.12/Tools/cmake-3.27.4-windows-x86_64/share/cmake-3.27/Modules/CMakeLanguageInformation.cmake",
		"C:/Qt/Qt5.12.12/Tools/cmake-3.27.4-windows-x86_64/share/cmake-3.27/Modules/Compiler/GNU-CXX.cmake",
		"C:/Qt/Qt5.12.12/Tools/cmake-3.27.4-windows-x86_64/share/cmake-3.27/Modules/Compiler/GNU.cmake",
		"C:/Qt/Qt5.12.12/Tools/cmake-3.27.4-windows-x86_64/share/cmake-3.27/Modules/Compiler/CMakeCommonCompilerMacros.cmake",
		"C:/Qt/Qt5.12.12/Tools/cmake-3.27.4-windows-x86_64/share/cmake-3.27/Modules/Platform/Windows-GNU-CXX.cmake",
		"C:/Qt/Qt5.12.12/Tools/cmake-3.27.4-windows-x86_64/share/cmake-3.27/Modules/Platform/Windows-GNU.cmake",
		"O:/QZskillbox_study/Remote_controller_module_37_3/build-Module_37_3-Desktop_Qt_5_12_12_MinGW_64_bit-Debug/CMakeFiles/3.27.4/CMakeRCCompiler.cmake",
		"C:/Qt/Qt5.12.12/Tools/cmake-3.27.4-windows-x86_64/share/cmake-3.27/Modules/CMakeRCInformation.cmake",
		"C:/Qt/Qt5.12.12/Tools/cmake-3.27.4-windows-x86_64/share/cmake-3.27/Modules/Platform/Windows-windres.cmake",
		"C:/Qt/Qt5.12.12/Tools/cmake-3.27.4-windows-x86_64/share/cmake-3.27/Modules/Platform/Windows-GNU-CXX-ABI.cmake",
		"C:/Qt/Qt5.12.12/Tools/cmake-3.27.4-windows-x86_64/share/cmake-3.27/Modules/CMakeCommonLanguageInclude.cmake",
		"C:/Qt/Qt5.12.12/5.12.12/mingw73_64/lib/cmake/Qt5/Qt5ConfigVersion.cmake",
		"C:/Qt/Qt5.12.12/5.12.12/mingw73_64/lib/cmake/Qt5/Qt5Config.cmake",
		"C:/Qt/Qt5.12.12/5.12.12/mingw73_64/lib/cmake/Qt5/Qt5ConfigVersion.cmake",
		"C:/Qt/Qt5.12.12/5.12.12/mingw73_64/lib/cmake/Qt5/Qt5Config.cmake",
		"C:/Qt/Qt5.12.12/5.12.12/mingw73_64/lib/cmake/Qt5/Qt5ModuleLocation.cmake",
		"C:/Qt/Qt5.12.12/5.12.12/mingw73_64/lib/cmake/Qt5Widgets/Qt5WidgetsConfigVersion.cmake",
		"C:/Qt/Qt5.12.12/5.12.12/mingw73_64/lib/cmake/Qt5Widgets/Qt5WidgetsConfig.cmake",
		"C:/Qt/Qt5.12.12/5.12.12/mingw73_64/lib/cmake/Qt5Gui/Qt5GuiConfigVersion.cmake",
		"C:/Qt/Qt5.12.12/5.12.12/mingw73_64/lib/cmake/Qt5Gui/Qt5GuiConfig.cmake",
		"C:/Qt/Qt5.12.12/5.12.12/mingw73_64/lib/cmake/Qt5Core/Qt5CoreConfigVersion.cmake",
		"C:/Qt/Qt5.12.12/5.12.12/mingw73_64/lib/cmake/Qt5Core/Qt5CoreConfig.cmake",
		"C:/Qt/Qt5.12.12/5.12.12/mingw73_64/lib/cmake/Qt5Core/Qt5CoreConfigExtras.cmake",
		"C:/Qt/Qt5.12.12/5.12.12/mingw73_64/lib/cmake/Qt5Core/Qt5CoreConfigExtrasMkspecDir.cmake",
		"C:/Qt/Qt5.12.12/5.12.12/mingw73_64/lib/cmake/Qt5Core/Qt5CoreMacros.cmake",
		"C:/Qt/Qt5.12.12/Tools/cmake-3.27.4-windows-x86_64/share/cmake-3.27/Modules/CMakeParseArguments.cmake",
		"C:/Qt/Qt5.12.12/5.12.12/mingw73_64/lib/cmake/Qt5Gui/Qt5Gui_QGifPlugin.cmake",
		"C:/Qt/Qt5.12.12/5.12.12/mingw73_64/lib/cmake/Qt5Gui/Qt5Gui_QICNSPlugin.cmake",
		"C:/Qt/Qt5.12.12/5.12.12/mingw73_64/lib/cmake/Qt5Gui/Qt5Gui_QICOPlugin.cmake",
		"C:/Qt/Qt5.12.12/5.12.12/mingw73_64/lib/cmake/Qt5Gui/Qt5Gui_QJpegPlugin.cmake",
		"C:/Qt/Qt5.12.12/5.12.12/mingw73_64/lib/cmake/Qt5Gui/Qt5Gui_QMinimalIntegrationPlugin.cmake",
		"C:/Qt/Qt5.12.12/5.12.12/mingw73_64/lib/cmake/Qt5Gui/Qt5Gui_QOffscreenIntegrationPlugin.cmake",
		"C:/Qt/Qt5.12.12/5.12.12/mingw73_64/lib/cmake/Qt5Gui/Qt5Gui_QTgaPlugin.cmake",
		"C:/Qt/Qt5.12.12/5.12.12/mingw73_64/lib/cmake/Qt5Gui/Qt5Gui_QTiffPlugin.cmake",
		"C:/Qt/Qt5.12.12/5.12.12/mingw73_64/lib/cmake/Qt5Gui/Qt5Gui_QTuioTouchPlugin.cmake",
		"C:/Qt/Qt5.12.12/5.12.12/mingw73_64/lib/cmake/Qt5Gui/Qt5Gui_QVirtualKeyboardPlugin.cmake",
		"C:/Qt/Qt5.12.12/5.12.12/mingw73_64/lib/cmake/Qt5Gui/Qt5Gui_QWbmpPlugin.cmake",
		"C:/Qt/Qt5.12.12/5.12.12/mingw73_64/lib/cmake/Qt5Gui/Qt5Gui_QWebGLIntegrationPlugin.cmake",
		"C:/Qt/Qt5.12.12/5.12.12/mingw73_64/lib/cmake/Qt5Gui/Qt5Gui_QWebpPlugin.cmake",
		"C:/Qt/Qt5.12.12/5.12.12/mingw73_64/lib/cmake/Qt5Gui/Qt5Gui_QWindowsDirect2DIntegrationPlugin.cmake",
		"C:/Qt/Qt5.12.12/5.12.12/mingw73_64/lib/cmake/Qt5Gui/Qt5Gui_QWindowsIntegrationPlugin.cmake",
		"C:/Qt/Qt5.12.12/5.12.12/mingw73_64/lib/cmake/Qt5Gui/Qt5Gui_QXdgDesktopPortalThemePlugin.cmake",
		"C:/Qt/Qt5.12.12/5.12.12/mingw73_64/lib/cmake/Qt5Gui/Qt5GuiConfigExtras.cmake",
		"C:/Qt/Qt5.12.12/5.12.12/mingw73_64/lib/cmake/Qt5Widgets/Qt5Widgets_QWindowsVistaStylePlugin.cmake",
		"C:/Qt/Qt5.12.12/5.12.12/mingw73_64/lib/cmake/Qt5Widgets/Qt5WidgetsConfigExtras.cmake",
		"C:/Qt/Qt5.12.12/5.12.12/mingw73_64/lib/cmake/Qt5Widgets/Qt5WidgetsMacros.cmake",
		"C:/Qt/Qt5.12.12/Tools/cmake-3.27.4-windows-x86_64/share/cmake-3.27/Modules/CMakeParseArguments.cmake"
	],
	"CMAKE_SOURCE_DIR" : "O:/QZskillbox_study/Remote_controller_module_37_3/Module_37_3",
	"DEP_FILE" : "",
	"DEP_FILE_RULE_NAME" : "",
	"HEADERS" : 
	[
		[
			"O:/QZskillbox_study/Remote_controller_module_37_3/Module_37_3/mainwindow.h",
			"MU",
			"EWIEGA46WW/moc_mainwindow.cpp",
			null
		]
	],
	"HEADER_EXTENSIONS" : [ "h", "hh", "h++", "hm", "hpp", "hxx", "in", "txx" ],
	"INCLUDE_DIR" : "O:/QZskillbox_study/Remote_controller_module_37_3/build-Module_37_3-Desktop_Qt_5_12_12_MinGW_64_bit-Debug/Module_37_3_autogen/include",
	"MOC_COMPILATION_FILE" : "O:/QZskillbox_study/Remote_controller_module_37_3/build-Module_37_3-Desktop_Qt_5_12_12_MinGW_64_bit-Debug/Module_37_3_autogen/mocs_compilation.cpp",
	"MOC_DEFINITIONS" : [ "QT_CORE_LIB", "QT_GUI_LIB", "QT_WIDGETS_LIB" ],
	"MOC_DEPEND_FILTERS" : 
	[
		[
			"Q_PLUGIN_METADATA",
			"[\n][ \t]*Q_PLUGIN_METADATA[ \t]*\\([^\\)]*FILE[ \t]*\"([^\"]+)\""
		]
	],
	"MOC_INCLUDES" : 
	[
		"O:/QZskillbox_study/Remote_controller_module_37_3/build-Module_37_3-Desktop_Qt_5_12_12_MinGW_64_bit-Debug",
		"O:/QZskillbox_study/Remote_controller_module_37_3/Module_37_3",
		"C:/Qt/Qt5.12.12/5.12.12/mingw73_64/include",
		"C:/Qt/Qt5.12.12/5.12.12/mingw73_64/include/QtWidgets",
		"C:/Qt/Qt5.12.12/5.12.12/mingw73_64/include/QtGui",
		"C:/Qt/Qt5.12.12/5.12.12/mingw73_64/include/QtANGLE",
		"C:/Qt/Qt5.12.12/5.12.12/mingw73_64/include/QtCore",
		"C:/Qt/Qt5.12.12/5.12.12/mingw73_64/mkspecs/win32-g++",
		"C:/Qt/Qt5.12.12/Tools/mingw730_64/lib/gcc/x86_64-w64-mingw32/7.3.0/include/c++",
		"C:/Qt/Qt5.12.12/Tools/mingw730_64/lib/gcc/x86_64-w64-mingw32/7.3.0/include/c++/x86_64-w64-mingw32",
		"C:/Qt/Qt5.12.12/Tools/mingw730_64/lib/gcc/x86_64-w64-mingw32/7.3.0/include/c++/backward",
		"C:/Qt/Qt5.12.12/Tools/mingw730_64/lib/gcc/x86_64-w64-mingw32/7.3.0/include",
		"C:/Qt/Qt5.12.12/Tools/mingw730_64/lib/gcc/x86_64-w64-mingw32/7.3.0/include-fixed",
		"C:/Qt/Qt5.12.12/Tools/mingw730_64/x86_64-w64-mingw32/include"
	],
	"MOC_MACRO_NAMES" : [ "Q_OBJECT", "Q_GADGET", "Q_NAMESPACE", "Q_NAMESPACE_EXPORT" ],
	"MOC_OPTIONS" : [],
	"MOC_PATH_PREFIX" : false,
	"MOC_PREDEFS_CMD" : 
	[
		"C:/Qt/Qt5.12.12/Tools/mingw730_64/bin/g++.exe",
		"-std=gnu++11",
		"-dM",
		"-E",
		"-c",
		"C:/Qt/Qt5.12.12/Tools/cmake-3.27.4-windows-x86_64/share/cmake-3.27/Modules/CMakeCXXCompilerABI.cpp"
	],
	"MOC_PREDEFS_FILE" : "O:/QZskillbox_study/Remote_controller_module_37_3/build-Module_37_3-Desktop_Qt_5_12_12_MinGW_64_bit-Debug/Module_37_3_autogen/moc_predefs.h",
	"MOC_RELAXED_MODE" : false,
	"MOC_SKIP" : [],
	"MULTI_CONFIG" : false,
	"PARALLEL" : 6,
	"PARSE_CACHE_FILE" : "O:/QZskillbox_study/Remote_controller_module_37_3/build-Module_37_3-Desktop_Qt_5_12_12_MinGW_64_bit-Debug/CMakeFiles/Module_37_3_autogen.dir/ParseCache.txt",
	"QT_MOC_EXECUTABLE" : "C:/Qt/Qt5.12.12/5.12.12/mingw73_64/bin/moc.exe",
	"QT_UIC_EXECUTABLE" : "C:/Qt/Qt5.12.12/5.12.12/mingw73_64/bin/uic.exe",
	"QT_VERSION_MAJOR" : 5,
	"QT_VERSION_MINOR" : 12,
	"SETTINGS_FILE" : "O:/QZskillbox_study/Remote_controller_module_37_3/build-Module_37_3-Desktop_Qt_5_12_12_MinGW_64_bit-Debug/CMakeFiles/Module_37_3_autogen.dir/AutogenUsed.txt",
	"SOURCES" : 
	[
		[
			"O:/QZskillbox_study/Remote_controller_module_37_3/Module_37_3/main.cpp",
			"MU",
			null
		],
		[
			"O:/QZskillbox_study/Remote_controller_module_37_3/Module_37_3/mainwindow.cpp",
			"MU",
			null
		]
	],
	"UIC_OPTIONS" : [],
	"UIC_SEARCH_PATHS" : [],
	"UIC_SKIP" : [],
	"UIC_UI_FILES" : [],
	"VERBOSITY" : 0
}
